101;Proveedor 1
102;Proveedor 2
103;Proveedor 3
104;Proveedor 4
105;Proveedor 5
106;Proveedor 6
107;Proveedor 7
108;Proveedor 8
109;Proveedor 9
201;Proveedor 10
202;Proveedor 11
203;Proveedor 12
204;Proveedor 13
205;Proveedor 14
206;Proveedor 15
207;Proveedor 16
208;Proveedor 17
209;Proveedor 18
210;Proveedor 19
301;Proveedor 20
302;Proveedor 21
303;Proveedor 22
304;Proveedor 23
305;Proveedor 24
306;Proveedor 25
307;Proveedor 26
308;Proveedor 27
309;Proveedor 28
310;Proveedor 29
311;Proveedor 30
401;Proveedor 31
402;Proveedor 32
403;Proveedor 33
404;Proveedor 34
405;Proveedor 35
406;Proveedor 36
